,sum_sq,df,F,PR(>F)
C(preferred_foot),1325.099360665405,22.0,1.7451876481752218,0.01675950798506893
Residual,240970.27737024144,6982.0,,
